nombre,fecha
Argentina Bonar 2029 (AO29),2026-07-15
Argentina Bonar 2029 (AO29),2026-08-31
Argentina Bonar 2029 (AO29),2026-09-30
Argentina Bonar 2029 (AO29),2026-10-30
Argentina Bonar 2029 (AO29),2026-11-30
Argentina Bonar 2029 (AO29),2026-12-30
Argentina Bonar 2029 (AO29),2027-01-29
Argentina Bonar 2029 (AO29),2027-02-26
Argentina Bonar 2029 (AO29),2027-03-31
Argentina Bonar 2029 (AO29),2027-04-30
Argentina Bonar 2029 (AO29),2027-05-31
Argentina Bonar 2029 (AO29),2027-06-30
Argentina Bonar 2029 (AO29),2027-07-30
Argentina Bonar 2029 (AO29),2027-08-31
Argentina Bonar 2029 (AO29),2027-09-30
Argentina Bonar 2029 (AO29),2027-10-29
Argentina Bonar 2029 (AO29),2027-11-30
Argentina Bonar 2029 (AO29),2027-12-30
Argentina Bonar 2029 (AO29),2028-01-31
Argentina Bonar 2029 (AO29),2028-02-29
Argentina Bonar 2029 (AO29),2028-03-31
Argentina Bonar 2029 (AO29),2028-04-28
Argentina Bonar 2029 (AO29),2028-05-31
Argentina Bonar 2029 (AO29),2028-06-30
Argentina Bonar 2029 (AO29),2028-07-31
Argentina Bonar 2029 (AO29),2028-08-31
Argentina Bonar 2029 (AO29),2028-09-29
Argentina Bonar 2029 (AO29),2028-10-31
Argentina Bonar 2029 (AO29),2028-11-30
Argentina Bonar 2029 (AO29),2028-12-29
Argentina Bonar 2029 (AO29),2029-01-31
Argentina Bonar 2029 (AO29),2029-02-28
Argentina Bonar 2029 (AO29),2029-03-28
Argentina Bonar 2029 (AO29),2029-04-30
Argentina Bonar 2029 (AO29),2029-05-31
Argentina Bonar 2029 (AO29),2029-06-29
Argentina Bonar 2029 (AO29),2029-07-31
Argentina Bonar 2029 (AO29),2029-08-31
Argentina Bonar 2029 (AO29),2029-09-28
Argentina Bonar 2029 (AO29),2029-10-31
